-- MySQL dump 10.13  Distrib 8.0.34, for Linux (x86_64)
--
-- Host: localhost    Database: labreservationsystem
-- ------------------------------------------------------
-- Server version	8.0.34-0ubuntu0.22.04.1

/*!40101 SET @OLD_CHARACTER_SET_CLIENT=@@CHARACTER_SET_CLIENT */;
/*!40101 SET @OLD_CHARACTER_SET_RESULTS=@@CHARACTER_SET_RESULTS */;
/*!40101 SET @OLD_COLLATION_CONNECTION=@@COLLATION_CONNECTION */;
/*!50503 SET NAMES utf8mb4 */;
/*!40103 SET @OLD_TIME_ZONE=@@TIME_ZONE */;
/*!40103 SET TIME_ZONE='+00:00' */;
/*!40014 SET @OLD_UNIQUE_CHECKS=@@UNIQUE_CHECKS, UNIQUE_CHECKS=0 */;
/*!40014 SET @OLD_FOREIGN_KEY_CHECKS=@@FOREIGN_KEY_CHECKS, FOREIGN_KEY_CHECKS=0 */;
/*!40101 SET @OLD_SQL_MODE=@@SQL_MODE, SQL_MODE='NO_AUTO_VALUE_ON_ZERO' */;
/*!40111 SET @OLD_SQL_NOTES=@@SQL_NOTES, SQL_NOTES=0 */;

--
-- Table structure for table `cart`
--

DROP TABLE IF EXISTS `cart`;
/*!40101 SET @saved_cs_client     = @@character_set_client */;
/*!50503 SET character_set_client = utf8mb4 */;
CREATE TABLE `cart` (
  `id` int NOT NULL AUTO_INCREMENT,
  `deviceid` varchar(255) DEFAULT NULL,
  `userid` varchar(255) DEFAULT NULL,
  PRIMARY KEY (`id`)
) ENGINE=InnoDB DEFAULT CHARSET=ucs2;
/*!40101 SET character_set_client = @saved_cs_client */;

--
-- Dumping data for table `cart`
--

LOCK TABLES `cart` WRITE;
/*!40000 ALTER TABLE `cart` DISABLE KEYS */;
/*!40000 ALTER TABLE `cart` ENABLE KEYS */;
UNLOCK TABLES;

--
-- Table structure for table `devices`
--

DROP TABLE IF EXISTS `devices`;
/*!40101 SET @saved_cs_client     = @@character_set_client */;
/*!50503 SET character_set_client = utf8mb4 */;
CREATE TABLE `devices` (
  `id` int NOT NULL AUTO_INCREMENT,
  `rack` varchar(255) DEFAULT NULL,
  `unit` varchar(255) DEFAULT NULL,
  `devicename` varchar(255) DEFAULT NULL,
  `consoleip` varchar(255) DEFAULT NULL,
  `consoleport` varchar(255) DEFAULT NULL,
  `managementip` varchar(255) DEFAULT NULL,
  `powercycleip` varchar(255) DEFAULT NULL,
  `powercycleport` varchar(255) DEFAULT NULL,
  `teamname` varchar(255) DEFAULT NULL,
  `projectname` varchar(255) DEFAULT NULL,
  `status` varchar(255) DEFAULT 'not deleted',
  `username` varchar(255) DEFAULT NULL,
  `userid` varchar(255) DEFAULT NULL,
  `time` varchar(255) DEFAULT NULL,
  `endtime` varchar(255) DEFAULT NULL,
  `serialnumber` varchar(255) DEFAULT NULL,
  `mac` varchar(255) DEFAULT NULL,
  `TG` varchar(255) DEFAULT NULL,
  PRIMARY KEY (`id`)
) ENGINE=InnoDB AUTO_INCREMENT=120 DEFAULT CHARSET=ucs2;
/*!40101 SET character_set_client = @saved_cs_client */;

--
-- Dumping data for table `devices`
--

LOCK TABLES `devices` WRITE;
/*!40000 ALTER TABLE `devices` DISABLE KEYS */;
INSERT INTO `devices` VALUES (44,'a4','1','belgite-qa-rack-a4-1','10.208.80.80','2001','10.208.80.121','10.208.80.78','Not Available','qa','sonic','not deleted',NULL,NULL,NULL,NULL,'Not Available','Not Available','10.208.80.250  5/5, 5/6, 5/7'),(45,'a4','2','belgite-qa-rack-a4-2','10.208.80.80','2002','10.208.80.122','10.208.80.78','Not Available','qa','sonic','not deleted',NULL,NULL,NULL,NULL,'Not Available','Not Available','10.208.80.250  5/8'),(46,'a4','9','belgite-qa-rack-a4-9','10.208.80.80','2009','10.208.80.123','10.208.80.78','Not Available','qa','sonic','not deleted',NULL,NULL,NULL,NULL,'Not Available','Not Available','10.208.80.250  5/9, 5/10, 5/11'),(47,'a4','10','belgite-qa-rack-a4-10','10.208.80.80','2010','10.208.80.124','10.208.80.78','Not Available','qa','sonic','not deleted',NULL,NULL,NULL,NULL,'Not Available','Not Available','10.208.80.250  5/12'),(48,'a4','3','belgite-qa-rack-a4-3','10.208.80.80','2003','10.208.80.43','10.208.80.78','Not Available','qa','sonic','not deleted',NULL,NULL,NULL,NULL,'Not Available','Not Available','10.208.80.250  2/3,2/4'),(49,'a4','4','belgite-qa-rack-a4-4','10.208.80.80','2004','10.208.80.44','10.208.80.78','Not Available','qa','sonic','not deleted',NULL,NULL,NULL,NULL,'Not Available','Not Available','10.208.80.250  2/5'),(50,'a4','5','belgite-qa-rack-a4-5','10.208.80.80','2005','10.208.80.45','10.208.80.78','Not Available','qa','sonic','not deleted',NULL,NULL,NULL,NULL,'Not Available','Not Available','10.208.80.250  2/7'),(51,'a4','8','belgite-qa-rack-a4-8','10.208.80.80','2008','10.208.80.48','10.208.80.78','Not Available','qa','sonic','not deleted',NULL,NULL,NULL,NULL,'Not Available','Not Available','10.208.80.250  2/13,2/14'),(52,'a4','6','belgite-qa-rack-a4-6','10.208.80.80','2006','10.208.80.46','10.208.80.78','Not Available','qa','sonic','not deleted',NULL,NULL,NULL,NULL,'Not Available','Not Available','10.208.80.250 2/9,4/15'),(53,'a4','7','belgite-qa-rack-a4-7','10.208.80.80','2007','10.208.80.47','10.208.80.78','Not Available','qa','sonic','not deleted',NULL,NULL,NULL,NULL,'Not Available','Not Available','10.208.80.250 2/10,4/16'),(54,'a7','15','belgite-qa-rack-a7-15','10.208.80.160','2001','10.208.80.121','10.208.80.156','Not Available','qa','sonic','not deleted',NULL,NULL,NULL,NULL,'Not Available','34:ad:61:f1:ac:1a ','10.208.80.250 4/1,4/2'),(55,'a7','17','belgite-qa-rack-a7-17','10.208.80.160','2002','10.208.80.122','10.208.80.156','Not Available','qa','sonic','not deleted',NULL,NULL,NULL,NULL,'Not Available','34:ad:61:f1:ac:8c','10.208.80.250 4/3,4/4'),(56,'a8','19','belgite-qa-rack-a7-19','10.208.80.160','2003','10.208.80.123','10.208.80.158','Not Available','qa','sonic','not deleted',NULL,NULL,NULL,NULL,'Not Available','34:ad:61:f1:b5:2b','10.208.80.250 4/5,4/6'),(57,'a8','21','belgite-qa-rack-a7-21','10.208.80.160','2004','10.208.80.124','10.208.80.158','Not Available','qa','sonic','not deleted',NULL,NULL,NULL,NULL,'Not Available','34:ad:61:f1:b6:0f','10.208.80.250 4/7,4/8'),(58,'a7','5','belgite-qa-rack-a7-5','10.208.80.160','2006','10.208.80.126','10.208.80.156','Not Available','qa','sonic','not deleted',NULL,NULL,NULL,NULL,'Not Available','Not Available','10.208.80.250 4/10'),(59,'a7','7','belgite-qa-rack-a7-7','10.208.80.160','2007','10.208.80.127','10.208.80.156','Not Available','qa','sonic','not deleted',NULL,NULL,NULL,NULL,'Not Available','Not Available','10.208.80.250 4/12'),(60,'a7','9','belgite-qa-rack-a7-9','10.208.80.160','2008','10.208.80.128','10.208.80.156','Not Available','qa','sonic','not deleted',NULL,NULL,NULL,NULL,'Not Available','Not Available','10.208.80.250 4/13,4/14'),(61,'a7','3','belgite-qa-rack-a7-3','10.208.80.160','2005','10.208.80.125','10.208.80.156','Not Available','qa','sonic','not deleted',NULL,NULL,NULL,NULL,'Not Available','Not Available','10.208.80.250 4/9,4/11'),(62,'a9','29','MTP1','10.208.80.200','2015','10.208.140.152','10.208.80.196','AB6 MASTER L2_6','qa','EDKII','not deleted',NULL,NULL,NULL,NULL,'Not Available','Not Available','Not Available'),(63,'a5','28,29','BRIXIA1','10.208.80.80','2020','10.208.140.197','10.208.80.116','MASTER L3_5','qa','EDKII','not deleted',NULL,NULL,NULL,NULL,'Not Available','Not Available','Not Available'),(64,'a5','21,22','BRIXIA2','10.208.80.80','2013','10.208.140.191','10.208.80.116','MASTER L2_7','qa','EDKII','not deleted',NULL,NULL,NULL,NULL,'Not Available','Not Available','Not Available'),(65,'a9','20','CHOPPERHEAVY1','10.208.80.200','2016','10.208.140.180/166','10.208.80.196','MASTER L3_3','qa','EDKII','not deleted',NULL,NULL,NULL,NULL,'Not Available','Not Available','Not Available'),(66,'a9','20','MTP2','10.208.80.200','2017','Not Available','10.208.80.196','AB6 MASTER L2_2','qa','EDKII','not deleted',NULL,NULL,NULL,NULL,'Not Available','Not Available','Not Available'),(67,'D11','6-9','Minipack','10.208.83.240','2001','Not Available','10.208.83.236','B6-31,33,34,35','BMC','meta','not deleted',NULL,NULL,NULL,NULL,'F303220510012','Not Available','Not Available'),(68,'D11','1-4','Minipack','10.208.83.240','2002','Not Available','10.208.83.236','B4-19,20','BMC','meta','regular2',NULL,NULL,NULL,NULL,'F311622030011','Not Available','Not Available'),(69,'D12','11-14','Minipack','10.208.83.240','2003','Not Available','10.208.83.238','B3-14,15,16,17','BMC','meta','not deleted',NULL,NULL,NULL,NULL,'F311222030034','Not Available','Not Available'),(70,'D12','6-9','Minipack','10.208.83.240','2004','Not Available','10.208.83.238','B5-25,26','BMC','meta','not deleted',NULL,NULL,NULL,NULL,'F303220440035','Not Available','Not Available'),(71,'D12','1-4','Minipack','10.208.83.240','2005','Not Available','10.208.83.238','B6-31,32,33,34','BMC','meta','not deleted',NULL,NULL,NULL,NULL,'F311722050010','Not Available','Not Available'),(72,'D11','10-12','Wedge400','10.208.83.240','2006','Not Available','10.208.83.236','Not Available','BMC','meta','not deleted',NULL,NULL,NULL,NULL,'FK41322300009','Not Available','Not Available'),(73,'D11','16-17','Wedge400C','10.208.83.240','2008','Not Available','10.208.83.236','B3-14','BMC','meta','not deleted',NULL,NULL,NULL,NULL,'FC23320220007','Not Available','Not Available'),(74,'D11','26-28','Wedge400C','10.208.83.240','2010','Not Available','10.208.83.236','Not Available','BMC','meta','not deleted',NULL,NULL,NULL,NULL,'FC43320250028','Not Available','Not Available'),(75,'D11','28-30','Wedge400','10.208.83.240','2011','Not Available','10.208.83.236','B4-20','BMC','meta','not deleted',NULL,NULL,NULL,NULL,'F023219350012','Not Available','Not Available'),(76,'D7','23-24','Silverstone','10.208.83.200','2003','Not Available','10.208.83.156','B3-18','BMC','Ami','not deleted',NULL,NULL,NULL,NULL,'R4023F2B042919GD200228','Not Available','Not Available'),(77,'D8','23-24','Princeton','10.208.83.160','2002','Not Available','10.208.83.158','B3-17,18','BMC','Ami','not deleted',NULL,NULL,NULL,NULL,'Not Available','Not Available','Not Available'),(78,'D8','3-4','Azul','10.208.83.160','2007','Not Available','10.208.83.158','B5-30','BMC','Ami','not deleted',NULL,NULL,NULL,NULL,'Not Available','Not Available','Not Available'),(79,'D8','29-30','Seastone','10.208.83.160','2004','Not Available','10.208.83.158','B2-12','BMC','Ami','not deleted',NULL,NULL,NULL,NULL,'DX030B2F048414GD100004','Not Available','Not Available'),(80,'D8','1-2','Midstone','10.208.83.160','2005','Not Available','10.208.83.196','B6-35,36','BMC','Ami','not deleted',NULL,NULL,NULL,NULL,'R3250F2B141916GD200014','Not Available','Not Available'),(81,'D7','1','Greystone','10.208.83.160','2003','Not Available','10.208.83.156','B6-36','BMC','Ami','not deleted',NULL,NULL,NULL,NULL,'R4030F2B043330GD200002','Not Available','Not Available'),(82,'D9','20-31','Linux Server','10.208.83.162','Not Available','Not Available','10.208.83.196','B3-16','BMC','BmcServer','not deleted',NULL,NULL,NULL,NULL,'MCBK501LKGNNSR11224700200','Not Available','Not Available'),(83,'D7','34','Juniper Switch','10.208.83.160','2011','Not Available','10.208.83.156','B2-9','BMC','diag','not deleted',NULL,NULL,NULL,NULL,'Not Available','Not Available','Not Available'),(84,'D10','1-4','Minipack','10.208.83.200','2002','Not Available','10.208.83.198','B5-25,26 B4-19,20','BMC','meta','not deleted',NULL,NULL,NULL,NULL,'F321122420030','Not Available','Not Available'),(85,'D10','13-16','Minipack','10.208.83.200','2005','Not Available','10.208.83.198','B3-13,14 B6-31,32','BMC','meta','regular2',NULL,NULL,NULL,NULL,'F305121230005','Not Available','Not Available'),(86,'D11','13-15','Wedge400C','10.208.83.240','2007','Not Available','10.208.83.236','B5-25','BMC','meta','regular2',NULL,NULL,NULL,NULL,'FK41222210020','Not Available','Not Available'),(87,'D11','23-25','Wedge400C','10.208.83.240','2009','Not Available','10.208.83.236','B2-8','BMC','meta','regular2',NULL,NULL,NULL,NULL,'FK41222210028','Not Available','Not Available'),(88,'a9','Not Available','MTP1','10.208.140.246','2015','10.208.140.152','10.208.140.241','AB6 MASTER L2_6','qa','EDKII','not deleted',NULL,NULL,NULL,NULL,'Not Available','Not Available','Not Available'),(89,'a9','Not Available','CHOPPERHEAVY1','10.208.140.246','2016','10.208.140.180/166','10.208.140.241','MASTER L3_3','qa','EDKII','not deleted',NULL,NULL,NULL,NULL,'Not Available','Not Available','Not Available'),(90,'a9','Not Available','MTP2','10.208.140.246','2017','Not Available','10.208.140.241','AB6 MASTER L2_2','qa','EDKII','not deleted',NULL,NULL,NULL,NULL,'Not Available','Not Available','Not Available'),(91,'a8','Not Available','questone2a-qa-rack-a8-13','10.208.80.160','2015','10.208.80.147','N/A','Not Available','qa','sonic','not deleted',NULL,NULL,NULL,NULL,'Not Available','Not Available','10.208.80.250 4/1,4/2'),(92,'a8','Not Available','questone2a-qa-rack-a8-11','10.208.80.160','2016','10.208.80.148','N/A','Not Available','qa','sonic','not deleted',NULL,NULL,NULL,NULL,'Not Available','Not Available','10.208.80.250 4/3,4/4'),(93,'a8','Not Available','questone2a-qa-rack-a8-9','10.208.80.160','2017','10.208.80.149','N/A','Not Available','qa','sonic','not deleted',NULL,NULL,NULL,NULL,'Not Available','Not Available','10.208.80.250 4/5,4/6'),(94,'a8','Not Available','questone2a-qa-rack-a8-25','10.208.80.160','2009','10.208.80.141','N/A','Not Available','qa','sonic','not deleted',NULL,NULL,NULL,NULL,'Not Available','Not Available','10.208.80.250 2/1,2/2,2/3'),(95,'a5','Not Available','BRIXIA1','10.208.140.248','2020','10.208.140.197','10.208.140.237','MASTER L3_5','qa','EDKII','not deleted',NULL,NULL,NULL,NULL,'Not Available','Not Available','Not Available'),(96,'a5','Not Available','BRIXIA2','10.208.140.248','2013','10.208.140.191','10.208.140.237','MASTER L2_7','qa','EDKII','not deleted',NULL,NULL,NULL,NULL,'Not Available','Not Available','Not Available'),(97,'a8','Not Available','questone2a-qa-rack-a8-21','10.208.80.160','2011','10.208.80.143','N/A','Not Available','qa','sonic','not deleted',NULL,NULL,NULL,NULL,'Not Available','Not Available','10.208.80.250 2/6'),(98,'a8','Not Available','questone2a-qa-rack-a8-19','10.208.80.160','2012','10.208.80.144','N/A','Not Available','qa','sonic','not deleted',NULL,NULL,NULL,NULL,'Not Available','Not Available','10.208.80.250 2/7'),(99,'a9','Not Available','Silverstone2a-qa-rack-a9-14','10.208.80.160','2021','10.208.80.151','N/A','Not Available','qa','sonic','not deleted',NULL,NULL,NULL,NULL,'Not Available','Not Available','10.208.80.250 1/1, 1/2, 1/3'),(100,'a9','Not Available','Silverstone2a-qa-rack-a9-16','10.208.80.152','2032','10.208.80.162','N/A','Not Available','qa','sonic','not deleted',NULL,NULL,NULL,NULL,'Not Available','Not Available','10.208.80.250 1/4'),(101,'a8','Not Available','questone2a-qa-rack-a8-7','10.208.80.160','2018','10.208.80.150','N/A','Not Available','qa','sonic','not deleted',NULL,NULL,NULL,NULL,'Not Available','Not Available','10.208.80.250 4/8'),(102,'a8','Not Available','questone2a-qa-rack-a8-23','10.208.80.160','2010','10.208.80.142','N/A','Not Available','qa','sonic','not deleted',NULL,NULL,NULL,NULL,'Not Available','Not Available','10.208.80.250 2/4,2/5'),(103,'a8','Not Available','Silverstone2a-qa-rack-a8-5','10.208.80.160','2019','10.208.80.151','N/A','Not Available','qa','sonic','not deleted',NULL,NULL,NULL,NULL,'Not Available','Not Available','10.208.80.248 1/1,1/2 '),(104,'a8','Not Available','Silverstone2a-qa-rack-a8-3','10.208.80.160','2020','10.208.80.152','N/A','Not Available','qa','sonic','not deleted',NULL,NULL,NULL,NULL,'Not Available','Not Available','10.208.80.248 1/3,1/4'),(105,'a9','Not Available','Silverstone2a-qa-rack-a9-12','10.208.80.160','2023','10.208.80.163','N/A','Not Available','qa','sonic','not deleted',NULL,NULL,NULL,NULL,'Not Available','Not Available','10.208.80.250 3/2,3/3,3/7'),(106,'a9','Not Available','Silverstone2a-qa-rack-a9-10','10.208.80.160','2024','10.208.80.164','N/A','Not Available','qa','sonic','not deleted',NULL,NULL,NULL,NULL,'Not Available','Not Available','10.208.80.250 3/8'),(107,'a9','Not Available','Silverstone2a-qa-rack-a9-8','10.208.80.160','2025','10.208.80.165','N/A','Not Available','qa','sonic','not deleted',NULL,NULL,NULL,NULL,'Not Available','Not Available','10.208.80.250 3/5'),(108,'a9','Not Available','Silverstone2a-qa-rack-a9-6','10.208.80.160','2026','10.208.80.166','N/A','Not Available','qa','sonic','not deleted',NULL,NULL,NULL,NULL,'Not Available','Not Available','10.208.80.250 3/6'),(109,'D12','28-30','Wedge400C','10.208.83.240','2013','Not Available','10.208.83.238','B1-4','BMC','meta','Unreserved',NULL,NULL,NULL,NULL,'FC43320200019','Not Available','Not Available'),(110,'D12','21-23','Wedge400C','10.208.83.240','2015','Not Available','10.208.83.238','B2-12','BMC','meta','Unreserved',NULL,NULL,NULL,NULL,'FE22322210030','Not Available','Not Available'),(111,'D12','18-20','Wedge400C','10.208.83.240','2016','Not Available','10.208.83.238','B2-11','BMC','meta','Unreserved',NULL,NULL,NULL,NULL,'FE22322210013','Not Available','Not Available'),(112,'a6','4','Seastonev2','n/a','n/a','n/a','n/a','n/a','qa','FreshersTraining','Unreserved',NULL,NULL,NULL,NULL,'n/a','n/a','n/a'),(114,'D8','18-20','Moon Stone','10.208.83.160','2012','Not Available','10.208.83.158','B2-7,8','BMC','Celestica-Moonstone-BMC','Unreserved',NULL,NULL,NULL,NULL,'R4028F2B143628GD200031','Not Available','Not Available'),(115,'D7','11-13','Moon Stone','10.208.83.160','2010','Not Available','10.208.83.156','B4-19,B3-13','BMC','Celestica-Moonstone-BMC','Unreserved',NULL,NULL,NULL,NULL,'R4028F2B143628GD200029','Not Available','Not Available'),(116,'D7','27-29','Moon Stone','10.208.83.160','2009','Not Available','10.208.83.156','B2-7,8','BMC','Celestica-Moonstone-BMC','Unreserved',NULL,NULL,NULL,NULL,'R4028F2B143628GD200005','Not Available','Not Available'),(117,'D7','23-25','Moon Stone','10.208.83.200','2003','Not Available','10.208.83.156','B1-1,2','BIOS','Celestica-Moonstone-BIOS','Unreserved',NULL,NULL,NULL,NULL,'R4028F2B143628GD200011','Not Available','Not Available'),(118,'D8','15-16','Seastone2 V2','10.208.83.160','2008','Not Available','10.208.83.158','B4-22','BIOS','Ami','Unreserved',NULL,NULL,NULL,NULL,'Not Available','Not Available','Not Available'),(119,'D8','8-9','Seastone2 V2','10.208.83.160','2006','Not Available','10.208.83.158','B5-29','BMC','Ami','Unreserved',NULL,NULL,NULL,NULL,'R4039F2B073411GD200012','Not Available','Not Available');
/*!40000 ALTER TABLE `devices` ENABLE KEYS */;
UNLOCK TABLES;

--
-- Table structure for table `project`
--

DROP TABLE IF EXISTS `project`;
/*!40101 SET @saved_cs_client     = @@character_set_client */;
/*!50503 SET character_set_client = utf8mb4 */;
CREATE TABLE `project` (
  `id` int NOT NULL AUTO_INCREMENT,
  `projectname` varchar(255) DEFAULT NULL,
  `teamname` varchar(255) DEFAULT NULL,
  `type` varchar(255) DEFAULT NULL,
  PRIMARY KEY (`id`)
) ENGINE=InnoDB AUTO_INCREMENT=13 DEFAULT CHARSET=ucs2;
/*!40101 SET character_set_client = @saved_cs_client */;

--
-- Dumping data for table `project`
--

LOCK TABLES `project` WRITE;
/*!40000 ALTER TABLE `project` DISABLE KEYS */;
INSERT INTO `project` VALUES (3,'sonic','qa','Regular'),(4,'EDKII','qa','Extended'),(5,'meta','BMC','Extended'),(6,'Ami','BMC','Extended'),(7,'BmcServer','BMC','Extended'),(8,'diag','BMC','Extended'),(9,'FreshersTraining','qa','Regular'),(10,'Celestica-Moonstone-BMC','BMC','Regular'),(12,'Celestica-Moonstone-BIOS','BMC','Regular');
/*!40000 ALTER TABLE `project` ENABLE KEYS */;
UNLOCK TABLES;

--
-- Table structure for table `topology`
--

DROP TABLE IF EXISTS `topology`;
/*!40101 SET @saved_cs_client     = @@character_set_client */;
/*!50503 SET character_set_client = utf8mb4 */;
CREATE TABLE `topology` (
  `id` int NOT NULL AUTO_INCREMENT,
  `topologyname` varchar(255) DEFAULT NULL,
  `deviceid` varchar(255) DEFAULT NULL,
  `teamname` varchar(255) DEFAULT NULL,
  `type` varchar(255) DEFAULT NULL,
  `usedFor` varchar(255) DEFAULT NULL,
  PRIMARY KEY (`id`)
) ENGINE=InnoDB AUTO_INCREMENT=45 DEFAULT CHARSET=ucs2;
/*!40101 SET character_set_client = @saved_cs_client */;

--
-- Dumping data for table `topology`
--

LOCK TABLES `topology` WRITE;
/*!40000 ALTER TABLE `topology` DISABLE KEYS */;
INSERT INTO `topology` VALUES (1,'belgite_qa_2node_1','44','qa','Regular','CLS_SONIC'),(2,'belgite_qa_2node_1','45','qa','Regular','CLS_SONIC'),(3,'belgite_qa_2node_2','46','qa','Regular',''),(4,'belgite_qa_2node_2','47','qa','Regular',''),(5,'belgite_qa_2node_3','54','qa','Regular',''),(6,'belgite_qa_2node_3','55','qa','Regular',''),(7,'belgite_qa_2node_4','56','qa','Regular',''),(8,'belgite_qa_2node_4','57','qa','Regular',''),(9,'belgite_qa_2_node_5','52','qa','Regular',''),(10,'belgite_qa_2_node_5','53','qa','Regular',''),(19,'belgite_qa_4node_1','48','qa','Regular',''),(20,'belgite_qa_4node_1','49','qa','Regular',''),(21,'belgite_qa_4node_1','50','qa','Regular',''),(22,'belgite_qa_4node_1','51','qa','Regular',''),(23,'belgite_qa_4node_2','61','qa','Regular',''),(24,'belgite_qa_4node_2','58','qa','Regular',''),(25,'belgite_qa_4node_2','59','qa','Regular',''),(26,'belgite_qa_4node_2','60','qa','Regular',''),(27,'Questone2a_2node_1','91','qa','Regular',''),(28,'Questone2a_2node_1','92','qa','Regular',''),(29,'Questone2a_2node_2','93','qa','Regular',''),(30,'Questone2a_2node_2','101','qa','Regular',''),(31,'Questone2a_4node_1','94','qa','Regular',''),(32,'Questone2a_4node_1','102','qa','Regular',''),(33,'Questone2a_4node_1','97','qa','Regular',''),(34,'Questone2a_4node_1','98','qa','Regular',''),(35,'Silverstone_2node_1','99','qa','Regular',''),(36,'Silverstone_2node_1','100','qa','Regular',''),(37,'Silverstone_2node_2','103','qa','Regular',''),(38,'Silverstone_2node_2','104','qa','Regular',''),(39,'Silverstone_4node_1','105','qa','Regular',''),(40,'Silverstone_4node_1','106','qa','Regular',''),(41,'Silverstone_4node_1','107','qa','Regular',''),(42,'Silverstone_4node_1','108','qa','Regular',''),(43,'EDKII_topology_2_node_1','62','qa','Extended','EDKII'),(44,'EDKII_topology_2_node_1','63','qa','Extended','EDKII');
/*!40000 ALTER TABLE `topology` ENABLE KEYS */;
UNLOCK TABLES;

--
-- Table structure for table `userdeviceinfo`
--

DROP TABLE IF EXISTS `userdeviceinfo`;
/*!40101 SET @saved_cs_client     = @@character_set_client */;
/*!50503 SET character_set_client = utf8mb4 */;
CREATE TABLE `userdeviceinfo` (
  `id` int NOT NULL AUTO_INCREMENT,
  `name` varchar(255) DEFAULT NULL,
  `team` varchar(255) DEFAULT NULL,
  `time` varchar(255) DEFAULT NULL,
  `endtime` varchar(255) DEFAULT NULL,
  `deviceid` varchar(255) DEFAULT NULL,
  `userid` varchar(255) DEFAULT NULL,
  `timeid` varchar(255) DEFAULT NULL,
  `status` varchar(255) DEFAULT 'not deleted',
  PRIMARY KEY (`id`)
) ENGINE=InnoDB AUTO_INCREMENT=27171 DEFAULT CHARSET=ucs2;
/*!40101 SET character_set_client = @saved_cs_client */;

--
-- Dumping data for table `userdeviceinfo`
--

LOCK TABLES `userdeviceinfo` WRITE;
/*!40000 ALTER TABLE `userdeviceinfo` DISABLE KEYS */;
INSERT INTO `userdeviceinfo` VALUES (1,'sekumar@celestica.com','qa','2023-04-06T14:00','2023-04-06T15:23','44','31','btnradio8','deleted'),(2,'sekumar@celestica.com','qa','2023-04-06T14:00','2023-04-06T15:23','45','31','btnradio8','deleted'),(3,'sudrask@celestica.com','qa','2023-04-06T14:00','2023-04-06T15:23','44','27','btnradio8','deleted'),(4,'sudrask@celestica.com','qa','2023-04-06T14:00','2023-04-06T15:23','45','27','btnradio8','deleted'),(7,'sudrask@celestica.com','qa','2023-04-06T22:00','2023-04-06T24:00','44','27','btnradio12','not deleted'),(8,'sudrask@celestica.com','qa','2023-04-06T22:00','2023-04-06T24:00','45','27','btnradio12','not deleted'),(9,'sudrask@celestica.com','qa','2023-04-06T14:00','2023-04-06T16:00','44','27','btnradio8','not deleted'),(10,'sudrask@celestica.com','qa','2023-04-06T14:00','2023-04-06T16:00','45','27','btnradio8','not deleted'),(11,'alexj@celestica.com','qa','2023-04-06T22:00','2023-04-06T24:00','52','25','btnradio12','not deleted'),(12,'sudrask@celestica.com','qa','2023-04-08T14:00','2023-04-08T16:00','44','27','btnradio8','not deleted'),(13,'sudrask@celestica.com','qa','2023-04-08T14:00','2023-04-08T16:00','45','27','btnradio8','not deleted'),(14,'sudrask@celestica.com','qa','2023-04-08T18:00','2023-04-08T20:00','44','27','btnradio10','not deleted'),(15,'sudrask@celestica.com','qa','2023-04-08T18:00','2023-04-08T20:00','45','27','btnradio10','not deleted'),(16,'kbalaji@celestica.com','qa','2023-04-08T18:00','2023-04-08T20:00','46','22','btnradio10','not deleted'),(17,'kbalaji@celestica.com','qa','2023-04-08T18:00','2023-04-08T20:00','47','22','btnradio10','not deleted'),(18,'rouseph@celestica.com','qa','2023-04-09T08:00','2023-04-09T08:37','46','11','btnradio5','deleted'),(19,'rouseph@celestica.com','qa','2023-04-09T08:00','2023-04-09T08:37','47','11','btnradio5','deleted'),(22,'tkarthik@celestica.com','qa','2023-04-09T20:00','2023-04-09T22:00','44','15','btnradio11','not deleted'),(23,'tkarthik@celestica.com','qa','2023-04-09T20:00','2023-04-09T22:00','45','15','btnradio11','not deleted'),(24,'nithyar@celestica.com','qa','2023-04-10T06:00','2023-04-10T08:00','46','6','btnradio4','not deleted'),(25,'nithyar@celestica.com','qa','2023-04-10T06:00','2023-04-10T08:00','47','6','btnradio4','not deleted'),(26,'nithyar@celestica.com','qa','2023-04-10T18:00','2023-04-10T20:00','46','6','btnradio10','not deleted'),(27,'nithyar@celestica.com','qa','2023-04-10T18:00','2023-04-10T20:00','47','6','btnradio10','not deleted'),(28,'ykumartk@celestica.com','qa','2023-04-10T10:00','2023-04-10T12:00','44','26','btnradio6','not deleted'),(29,'ykumartk@celestica.com','qa','2023-04-10T10:00','2023-04-10T12:00','45','26','btnradio6','not deleted'),(30,'mukul.kumar@celestica.com','qa','2023-04-10T10:00','2023-04-10T14:04','48','21','btnradio6','deleted'),(31,'mukul.kumar@celestica.com','qa','2023-04-10T10:00','2023-04-10T14:04','49','21','btnradio6','deleted'),(32,'mukul.kumar@celestica.com','qa','2023-04-10T10:00','2023-04-10T14:04','51','21','btnradio6','deleted'),(33,'mukul.kumar@celestica.com','qa','2023-04-10T10:00','2023-04-10T14:04','50','21','btnradio6','deleted'),(34,'mukul.kumar@celestica.com','qa','2023-04-10T14:00','2023-04-10T16:00','48','21','btnradio8','not deleted'),(35,'mukul.kumar@celestica.com','qa','2023-04-10T14:00','2023-04-10T16:00','49','21','btnradio8','not deleted'),(36,'mukul.kumar@celestica.com','qa','2023-04-10T14:00','2023-04-10T16:00','51','21','btnradio8','not deleted'),(37,'mukul.kumar@celestica.com','qa','2023-04-10T14:00','2023-04-10T16:00','50','21','btnradio8','not deleted'),(38,'mukul.kumar@celestica.com','qa','2023-04-10T22:00','2023-04-10T24:00','48','21','btnradio12','not deleted'),(39,'mukul.kumar@celestica.com','qa','2023-04-10T22:00','2023-04-10T24:00','49','21','btnradio12','not deleted'),(40,'mukul.kumar@celestica.com','qa','2023-04-10T22:00','2023-04-10T24:00','51','21','btnradio12','not deleted'),(41,'mukul.kumar@celestica.com','qa','2023-04-10T22:00','2023-04-10T24:00','50','21','btnradio12','not deleted'),(46,'mejain@celestica.com','qa','2023-04-10T12:00','2023-04-10T14:00','48','10','btnradio7','not deleted'),(47,'mejain@celestica.com','qa','2023-04-10T12:00','2023-04-10T14:00','49','10','btnradio7','not deleted'),(48,'mejain@celestica.com','qa','2023-04-10T12:00','2023-04-10T14:00','51','10','btnradio7','not deleted'),(49,'mejain@celestica.com','qa','2023-04-10T12:00','2023-04-10T14:00','50','10','btnradio7','not deleted'),(50,'tkarthik@celestica.com','qa','2023-04-10T10:00','2023-04-10T12:00','46','15','btnradio6','not deleted'),(51,'tkarthik@celestica.com','qa','2023-04-10T10:00','2023-04-10T12:00','47','15','btnradio6','not deleted'),(52,'mejain@celestica.com','qa','2023-04-10T14:00','2023-04-10T16:00','44','10','btnradio8','not deleted'),(53,'mejain@celestica.com','qa','2023-04-10T14:00','2023-04-10T16:00','45','10','btnradio8','not deleted'),(54,'tkarthik@celestica.com','qa','2023-04-10T14:00','2023-04-10T16:00','46','15','btnradio8','not deleted'),(55,'tkarthik@celestica.com','qa','2023-04-10T14:00','2023-04-10T16:00','47','15','btnradio8','not deleted'),(56,'mejain@celestica.com','qa','2023-04-10T08:00','2023-04-10T10:00','48','10','btnradio5','not deleted'),(57,'mejain@celestica.com','qa','2023-04-10T08:00','2023-04-10T10:00','49','10','btnradio5','not deleted'),(58,'mejain@celestica.com','qa','2023-04-10T08:00','2023-04-10T10:00','51','10','btnradio5','not deleted'),(59,'mejain@celestica.com','qa','2023-04-10T08:00','2023-04-10T10:00','50','10','btnradio5','not deleted'),(60,'aravinds@celestica.com','qa','2023-04-10T10:00','2023-04-10T12:00','52','28','btnradio6','not deleted'),(70,'sudrask@celestica.com','qa','2023-04-10T12:00','2023-04-10T14:00','44','27','btnradio7','not deleted'),(71,'sudrask@celestica.com','qa','2023-04-10T12:00','2023-04-10T14:00','45','27','btnradio7','not deleted'),(72,'alexj@celestica.com','qa','2023-04-10T12:00','2023-04-10T14:00','52','25','btnradio7','not deleted'),(73,'sudrask@celestica.com','qa','2023-04-10T16:00','2023-04-10T18:00','44','27','btnradio9','not deleted'),(74,'sudrask@celestica.com','qa','2023-04-10T16:00','2023-04-10T18:00','45','27','btnradio9','not deleted'),(75,'sudrask@celestica.com','qa','2023-04-10T22:00','2023-04-10T24:00','44','27','btnradio12','not deleted'),(76,'sudrask@celestica.com','qa','2023-04-10T22:00','2023-04-10T24:00','45','27','btnradio12','not deleted'),(77,'rprakash@celestica.com','qa','2023-04-10T14:00','2023-04-10T16:00','52','7','btnradio8','not deleted'),(78,'alexj@celestica.com','qa','2023-04-10T12:00','2023-04-10T14:00','46','25','btnradio7','not deleted'),(79,'alexj@celestica.com','qa','2023-04-10T12:00','2023-04-10T14:00','47','25','btnradio7','not deleted'),(83,'santoshs@celestica.com','qa','2023-04-10T20:00','2023-04-10T22:00','44','23','btnradio11','not deleted'),(84,'santoshs@celestica.com','qa','2023-04-10T20:00','2023-04-10T22:00','45','23','btnradio11','not deleted'),(85,'santoshs@celestica.com','qa','2023-04-10T16:00','2023-04-10T18:00','46','23','btnradio9','not deleted'),(86,'santoshs@celestica.com','qa','2023-04-10T16:00','2023-04-10T18:00','47','23','btnradio9','not deleted'),(87,'mejain@celestica.com','qa','2023-04-10T18:00','2023-04-10T20:00','48','10','btnradio10','not deleted'),(88,'mejain@celestica.com','qa','2023-04-10T18:00','2023-04-10T20:00','49','10','btnradio10','not deleted'),(89,'mejain@celestica.com','qa','2023-04-10T18:00','2023-04-10T20:00','51','10','btnradio10','not deleted'),(90,'mejain@celestica.com','qa','2023-04-10T18:00','2023-04-10T20:00','50','10','btnradio10','not deleted'),(91,'rprakash@celestica.com','qa','2023-04-10T16:00','2023-04-10T18:00','48','7','btnradio9','not deleted'),(92,'rprakash@celestica.com','qa','2023-04-10T16:00','2023-04-10T18:00','49','7','btnradio9','not deleted'),(27148,'harshitkhanna@celestica.com','qa','2023-09-10T19:00','2023-09-10T20:00','44','32','20','not deleted'),(27149,'harshitkhanna@celestica.com','qa','2023-09-10T19:00','2023-09-10T20:00','45','32','20','not deleted'),(27150,'harshitkhanna@celestica.com','qa','2023-09-10T19:00','2023-09-10T20:00','112','32','20','not deleted'),(27151,'harshitkhanna@celestica.com','qa','2023-09-10T19:12','2023-09-11T00:29','62','32',NULL,'deleted'),(27152,'harshitkhanna@celestica.com','qa','2023-09-10T19:12','2023-09-11T00:29','63','32',NULL,'deleted'),(27153,'harshitkhanna@celestica.com','qa','2023-09-10T21:00','2023-09-10T22:00','44','32','22','not deleted'),(27154,'harshitkhanna@celestica.com','qa','2023-09-10T21:00','2023-09-10T22:00','45','32','22','not deleted'),(27155,'harshitkhanna@celestica.com','qa','2023-09-10T23:00','2023-09-10T23:50','44','32','24','deleted'),(27156,'harshitkhanna@celestica.com','qa','2023-09-10T23:00','2023-09-10T23:50','45','32','24','deleted'),(27158,'harshitkhanna@celestica.com','qa','2023-09-10T23:00','2023-09-10T23:50','44','32','24','deleted'),(27159,'harshitkhanna@celestica.com','qa','2023-09-10T23:00','2023-09-10T23:50','45','32','24','deleted'),(27160,'harshitkhanna@celestica.com','qa','2023-09-10T23:00','2023-09-10T23:50','46','32','24','deleted'),(27161,'harshitkhanna@celestica.com','qa','2023-09-10T23:00','2023-09-10T23:50','47','32','24','deleted'),(27162,'harshitkhanna@celestica.com','qa','2023-09-11T00:00','2023-09-11T01:00','44','32','1','not deleted'),(27163,'harshitkhanna@celestica.com','qa','2023-09-11T00:00','2023-09-11T01:00','45','32','1','not deleted'),(27164,'harshitkhanna@celestica.com','qa','2023-09-11T01:00','2023-09-11T02:00 ','44','32','2','not deleted'),(27165,'harshitkhanna@celestica.com','qa','2023-09-11T01:00','2023-09-11T02:00 ','45','32','2','not deleted'),(27166,'harshitkhanna@celestica.com','qa','2023-09-11T01:03','2023-09-14T01:03','64','32',NULL,'not deleted'),(27167,'harshitkhanna@celestica.com','qa','2023-09-11T02:00','2023-09-11T03:00','46','32','3','not deleted'),(27168,'harshitkhanna@celestica.com','qa','2023-09-11T02:00','2023-09-11T03:00','47','32','3','not deleted'),(27169,'harshitkhanna@celestica.com','qa','2023-09-15T01:30','2023-09-17T01:31','66','32',NULL,'not deleted'),(27170,'test','BMC','2023-09-11T04:00','2023-09-11T05:00','114','38','5','not deleted');
/*!40000 ALTER TABLE `userdeviceinfo` ENABLE KEYS */;
UNLOCK TABLES;

--
-- Table structure for table `users`
--

DROP TABLE IF EXISTS `users`;
/*!40101 SET @saved_cs_client     = @@character_set_client */;
/*!50503 SET character_set_client = utf8mb4 */;
CREATE TABLE `users` (
  `id` int NOT NULL AUTO_INCREMENT,
  `name` varchar(255) DEFAULT NULL,
  `teamname` varchar(255) DEFAULT NULL,
  `password` varchar(255) DEFAULT NULL,
  `accesslevel` varchar(255) DEFAULT NULL,
  PRIMARY KEY (`id`)
) ENGINE=InnoDB AUTO_INCREMENT=98 DEFAULT CHARSET=ucs2;
/*!40101 SET character_set_client = @saved_cs_client */;

--
-- Dumping data for table `users`
--

LOCK TABLES `users` WRITE;
/*!40000 ALTER TABLE `users` DISABLE KEYS */;
INSERT INTO `users` VALUES (4,'vishva.ms@celestica.com','qa','$2a$12$ZXhMQ1CojqGwsx5YkiYc1.sp60zvwsVRX4fChkZv7ZMEpXFBwDcJG','user'),(5,'saranraj.j@celestica.com','qa','$2a$12$7oY7uQgnmzRG8FPfmoTqh.HLE9cnQJZlsvQcX9ZIQOgFCir/GYD6K','user'),(6,'nithyar@celestica.com','qa','$2a$12$odLlFfgigtfewfNOkAdiOexAHw4iQEiEHpJx/DORsuw4PE3N9aBea','user'),(7,'rprakash@celestica.com','qa','$2a$12$Cw3V55DCrz56YO5WleF3huZKw7XD3RfVipFsNtG1bZY0oiJWB5GFa','user'),(8,'sandanar@celestica.com','qa','$2a$12$zZxDRWtprlXdWbfgWwaAvONOOg3m3C1xwiL1y7PS8WvsAm.OJ16xS','user'),(9,'krgopal@celestica.com','qa','$2a$12$oPuRh5hv5h9kGTjLjcnp2eyxKti7cE9qTA2NnfxGwFX77hWa.U0s2','user'),(10,'mejain@celestica.com','qa','$2a$12$7XMgsc1lTq/Wyuh7/gXawuXyiQoBhUw7OnJrtLDi8XRgT4JTAAs12','user'),(11,'rouseph@celestica.com','qa','$2a$12$uJA1kEQqXO.70xFjMJBTyuZUJW3YrCS4OLJV3wdigTKio8iwyhV.W','admin'),(12,'nataraja@celestica.com','qa','$2a$12$28pRIYYTzFsYwdVTVlwWt.fK2vB560WeOvtS9OhH.mk06/tQfxEy.','user'),(13,'gkanaga@celestica.com','qa','$2a$12$vMr5as7Z7NuyqviOMjeN4e7ZdCFqmCIcWUbi87ZRQwcKXjTQgA6I.','user'),(14,'mkaleem@celestica.com','qa','$2a$12$xKKf2/gUxEiAV472SyB/OO5imUPmke1zkI13xP0hmxCHLNlNfeLny','user'),(15,'tkarthik@celestica.com','qa','$2a$12$yeL7tV7bfFEcHia3z7wpvucXkV5SG0o8TbwUvO1e/witEkUpP39Ie','user'),(16,'vasuj@celestica.com','qa','$2a$12$BGDse7sGR9yWezUMIzWY6u62dxHfX41rnSgV1YKvJMUiQn7ex927e','user'),(17,'pilango@celestica.com','qa','$2a$12$R7qihF3fLSYSIDx/pGR/MeWb75POk70yPZ0PnYYsGXPNnH10K3QSa','user'),(18,'parthuma@celestica.com','qa','$2a$12$jw.5CC5leC0PK8BrzCt1au/f74YEzVVYMwwugNx8fNsciYAyWXdpq','admin'),(19,'rmohan@celestica.com','qa','$2a$12$5SA9uNTdB56dNYIiZ2fKw.ajwcoVzsd0cCffyn2D9WB0dfdsh5h7W','user'),(20,'hkumar@celestica.com','qa','$2a$12$fQLHnCmvYgL1z2j6aIRQv.DCLLLNbLTifVZ6KP2gl9rOjy3ONyfCS','user'),(21,'mukul.kumar@celestica.com','qa','$2a$12$dH.DpazHeNto58u1lDdgHOYTHn55qe8yoQtcW54MAmC4E.WZtfo1S','user'),(22,'kbalaji@celestica.com','qa','$2a$12$BmvP1WUgSx.K4UYsF7Rjfe5ki68oBditHeMQfTEp2W26ic9olgDdK','user'),(23,'santoshs@celestica.com','qa','$2a$12$1BMLtX2iimcBbjxE8R8LNez7BsQ9aLyuM.aNZOmfeOl7TuBke6ode','user'),(24,'agala@celestica.com','qa','$2a$12$YtuxPxbf6pWqAwX0/6.scuvIINdsy3tSC0JGbmRM3Z0jOYPQGLgBu','user'),(25,'alexj@celestica.com','qa','$2a$12$/pkGW2Y.yyrlY9arY6y5hOusGhJBz.tasNQcVJlvOb7BzY99vxcdi','user'),(26,'ykumartk@celestica.com','qa','$2a$12$PAl6625sFiZ/6rkZ0Swge.xM9Pw2U1B4lxyfufVWcq/DPCRjeWwpe','user'),(27,'sudrask@celestica.com','qa','$2a$12$kXbX/6IRaySYJ/g19bD2VuVYbO6ujPQEYKowWlyHVleNzuLlvL8Qa','user'),(28,'aravinds@celestica.com','qa','$2a$12$ylovKrqOPAHhp8BSBQ9BXO3FhdF3ZJwOVUfFgr84/1iA8lVR3wDVa','admin'),(29,'rajeshs@celestica.com','qa','$2a$12$gttgFSf3SDa/2UeqAV236OQVf6IESmf0TGgTkbA2xLGXuw.6DR.Li','user'),(30,'krishnak@celestica.com','qa','$2a$12$o8eozG8KAUvruAQnZ0cwwOlboIoOYulGwbXmmgzRt2P364ZtyhuLO','user'),(31,'sekumar@celestica.com','qa','$2a$12$GEdksw4vN0W8lxy/qMvKb.3cyAP.wAJQNf0x3eWyjd4343VbYTHEm','admin'),(32,'harshitkhanna@celestica.com','qa','$2a$12$JRu55t.vJzW1epyII2e0beUiE.PWfyQovxin8Gdys3WOrI97Lglq2','admin'),(34,'sjemstonirudayam.fernando@celestica.com','qa','$2a$12$t7b7pS89M2MBeBcxyyyZmeIl2nDDsFepfem1pOwmJShG2MBOzXor2','user'),(35,'vmanohar@celestica.com','qa','$2a$12$XklvKAwru97FUEB3DcSa6OYFgr/6dtWbef.Lx6PDpnD02M3ieR9.W','user'),(36,'vijaya.lakshmis@celestica.com','qa','$2a$12$iNDnypDysLx22YNBllH3F.7t0cRXA3Vv3yOxKDNDOhW3xSOBKKqyu','user'),(37,'anand.t@celestica.com','BMC','$2a$12$k40BeCLoTa8Tl2jbj30Rr.dHTpD2yGPReoqA9Q6mYA1xWt1vHlRNS','admin'),(38,'test','BMC','$2a$12$ZXhMQ1CojqGwsx5YkiYc1.sp60zvwsVRX4fChkZv7ZMEpXFBwDcJG','admin'),(64,'abirami.s@celestica.com','BMC','$2a$12$xX4PrICZ7ks.nKlNi02qzucSnT8Rc0cPcEJwbNFOc1bMaPky.xJXa','user'),(65,'atchaya.nagarajan@celestica.com','BMC','$2a$12$AmhbYo3GSQpngdnYwTm9ruNMTJPfBsZySk/SKVoozh0TTEwPzwuOm','user'),(66,'dhineskumar.eswaran@celestica.com','BMC','$2a$12$xX4PrICZ7ks.nKlNi02qzucSnT8Rc0cPcEJwbNFOc1bMaPky.xJXa','user'),(67,'ggarg@celestica.com','BMC','$2a$12$0riPzDNIXLknIYTeVfQac.9imIOE5AZ2aHF7c3i1.im6vLRztIvby','user'),(68,'harish.raja@celestica.com','BMC','$2a$12$xX4PrICZ7ks.nKlNi02qzucSnT8Rc0cPcEJwbNFOc1bMaPky.xJXa','user'),(69,'karthick.jaisankar@celestica.com','BMC','$2a$12$Qqy4FMEz4ov/6xoVn7MxDepPKVWBJNNZwRxSm6FzYLiNcloFwnsYi','user'),(70,'keerthana.a@celestica.com','BMC','$2a$12$tWNaM/vfF8ZoWpVsaCR7N.VlPg26oNo6LNqNTX3PaSpwepgf0PoDy','user'),(71,'lakshmanakumar.mohan@celestica.com','BMC','$2a$12$xX4PrICZ7ks.nKlNi02qzucSnT8Rc0cPcEJwbNFOc1bMaPky.xJXa','user'),(72,'danisha@celestica.com','BMC','$2a$12$8hz4xq55fBRrfFvW71fNlOfWg9yocrBFKklnFJXkd5AMFoavgdpxu','user'),(73,'mohanraj.s@celestica.com','BMC','$2a$12$xX4PrICZ7ks.nKlNi02qzucSnT8Rc0cPcEJwbNFOc1bMaPky.xJXa','user'),(74,'muralidharan.m@celestica.com','BMC','$2a$12$xX4PrICZ7ks.nKlNi02qzucSnT8Rc0cPcEJwbNFOc1bMaPky.xJXa','user'),(75,'pavankumar.bokkals@celestica.com','BMC','$2a$12$gNz5Rlxo4bNcsJfxELdXUe41QJIqXNz3luXrCckIW5WQ/jMiZBSh2','user'),(76,'psravan@celestica.com','BMC','$2a$12$JloDlfQvXtJ3fXM4Z2HuoOnnsuXsUUXY2gK42.cOEnWrd7rh9GZJW','user'),(77,'praveen.s@celestica.com','BMC','$2a$12$xX4PrICZ7ks.nKlNi02qzucSnT8Rc0cPcEJwbNFOc1bMaPky.xJXa','user'),(78,'rakkesh.kumar@celestica.com','BMC','$2a$12$M60W4BsKhs72tH3k4eKR.eml6Uw4rPeSATGlcLGTMZ4ORzsDMf3nq','user'),(79,'svangima@celestica.com','BMC','$2a$12$yjxzcL6BA7H2c38nmnM4zu6JtjtDOaLCIc3matm2gmbjKlWY/e9li','user'),(80,'sankaran.s@celestica.com','BMC','$2a$12$xX4PrICZ7ks.nKlNi02qzucSnT8Rc0cPcEJwbNFOc1bMaPky.xJXa','user'),(81,'sathish.r@celestica.com','BMC','$2a$12$xX4PrICZ7ks.nKlNi02qzucSnT8Rc0cPcEJwbNFOc1bMaPky.xJXa','user'),(82,'varungokul.dhanasekaran@celestica.com','BMC','$2a$12$xX4PrICZ7ks.nKlNi02qzucSnT8Rc0cPcEJwbNFOc1bMaPky.xJXa','user'),(83,'vasavi.b@celestica.com','BMC','$2a$12$xX4PrICZ7ks.nKlNi02qzucSnT8Rc0cPcEJwbNFOc1bMaPky.xJXa','user'),(84,'vijay.g@celestica.com','BMC','$2a$12$QrLeEcqhPQnyAkxEFrN.JOUq0UKAl./7y5WP1Dz7751CsSzgtEVi.','user'),(85,'thangavelu.v@celestica.com','BMC','$2a$12$xrMiC8Pc7wgW8.z3QcUkYO/.YEwarPhP/dlOeSS9kejmC0o0lQBRS','admin'),(86,'kgengan@celestica.com','BMC','$2a$12$WMU7xxn396Y2kkXkAtE0O.fs.1lDM2Fuzq7T1r3Uu8BuZD1h7Hjge','user'),(87,'srikanth@celestica.com','BMC','$2a$12$xX4PrICZ7ks.nKlNi02qzucSnT8Rc0cPcEJwbNFOc1bMaPky.xJXa','user'),(88,'balasubk@celestica.com','BMC','$2a$12$yfbT6CP4PgLG8KebngBR/.ughgSc1LlsHkR8VUkDtGTl4yf8eeb3a','admin'),(92,'shankar.manikandan@celestica.com','BMC','$2a$12$T2R8glUS11Z.Jh7V92LIZu.MQq4QgyV7yj9/UvRqXiY/hB9WEuOMW','user'),(93,'ivetrivel@celestica.com','qa','$2a$12$qoRmyu3giVC15bUTG5WytOE1BSs/iKSqsz55gLZKxR3vkKU6vnxW.','user'),(94,'bhavyajindal@celestica.com','qa','$2a$12$Hhcl70n48sun9hMOktzPc.fIqKfgI9kE6NTjlxutKH/JItabzO5ye','user'),(95,'jyothsna.basam@celestica.com','qa','$2a$12$n405EWMXJegnJef6F8kFAuiGFQilL7aZHnbxcBUWE7kzUGgHRIiRW','user'),(96,'nramar@celestica.com','BMC','$2a$12$xKB5bUWtPdMxc1kb5FbsOuqXXbmijUzom.F5H0UTqZmdqMaPQ938a','user'),(97,'wintchen@celestica.com','BMC','$2a$12$3B5wFUCG4OE7o6lN5qJ4PerRjvDgUkJdghVcPxDp99a.2NfGwLyYW','user');
/*!40000 ALTER TABLE `users` ENABLE KEYS */;
UNLOCK TABLES;
/*!40103 SET TIME_ZONE=@OLD_TIME_ZONE */;

/*!40101 SET SQL_MODE=@OLD_SQL_MODE */;
/*!40014 SET FOREIGN_KEY_CHECKS=@OLD_FOREIGN_KEY_CHECKS */;
/*!40014 SET UNIQUE_CHECKS=@OLD_UNIQUE_CHECKS */;
/*!40101 SET CHARACTER_SET_CLIENT=@OLD_CHARACTER_SET_CLIENT */;
/*!40101 SET CHARACTER_SET_RESULTS=@OLD_CHARACTER_SET_RESULTS */;
/*!40101 SET COLLATION_CONNECTION=@OLD_COLLATION_CONNECTION */;
/*!40111 SET SQL_NOTES=@OLD_SQL_NOTES */;

-- Dump completed on 2023-09-12  0:22:19
